image_name	class_id
47bb5ccde11f47579620ebefbc93a021.jpg	0
b00af78e10694557a74f388ee03b2273.jpg	0
06a78176956b474aad83d62bc787412c.jpg	0
c941f6970e074b7684fa458a59401850.jpg	0
93c5a088369846bfba05d3408f0c555b.jpg	0
d7b5ba4fdce040aba49b0700ce2d06c9.jpg	0
26bff15f692d4a37bda14f35fe741678.jpg	0
9822177a69384eeca344c2f773acbeb6.jpg	0
9cea9861fe434a028507a1348c9ba5bb.jpg	0
cb66a18e4371433080054fd31d292f4d.jpg	0
6fe9bb0a90da4526909630bf764ca6f5.jpg	0
a36930f51445465a8336257d2c34dda1.jpg	0
e39dcb2a5b714e9786bdd876a32e0f63.jpg	0
bed1f06cdf0e40dd8187534288af7839.jpg	0
72d1efdc39e64d7d9930bb400a82b6b2.jpg	0
39d093d35ea840f58b4bfda85482b678.jpg	0
8f9680a5766f46f58a010a13e7b46c70.jpg	0
427719f0a3e945c99a50517bb7551d29.jpg	0
ec62b6a3743d40b8b5bf83958fc022ed.jpg	0
54b5dd866ec74f9a8d7885cba8e86108.jpg	0
746684fff2954383a1ed49b70f4d4d92.jpg	0
636a01901cd345aea073e4b546aa6461.jpg	0
49a98bac6b4148cb97980d74dbd496a9.jpg	0
cfbc676f7d31421c8213a383980d6cdc.jpg	0
0507d24ed8c342e8b8d3a59e70e2b7b3.jpg	0
27464361a9cf44baabd61429745a30e8.jpg	0
538c69565d6f4f05b7adcd258bcc8418.jpg	0
de38373af37e41f0a2540596b8daacae.jpg	0
d0a5ad2c7e4b473f93775c2e5773ef8a.jpg	0
b85b357bf7ca469cb78b3b44636a98a4.jpg	0
05399450e35f4aa7add4cc8aba16b536.jpg	0
bf0131df4355472fad6c2c7ef12a73ce.jpg	0
c9496efd57ff4def9b5979fc5120a498.jpg	0
3b23db8870904595928b605973f23552.jpg	0
fe61e176867541f0bd9c02a834a6e9c6.jpg	0
8cff40171f3042568cb04f3217adc9ea.jpg	0
51f0b9f8757e441f96af3c700d8d03d8.jpg	0
5c7360685c874dc1b1c68b242704316a.jpg	0
51efd34101234006a0d29a49886f9449.jpg	0
3760e46d6fe5438f9a6e5fe8f72935b1.jpg	0
84b4a35349cf4f8a8dbc188e093722c8.jpg	0
cf7a260527bc424d9fbd825673a0f01f.jpg	0
a0280c0f2b74434abeaeccb8d8273d10.jpg	0
7b0eeb121cf94182a39865250faf404f.jpg	0
d139a94d4bcb4ac2a229122736117a3a.jpg	0
4945c99a21e341d4bf898085bd75c8da.jpg	0
7714d1b681d94b8eb82b768aaa51f6b6.jpg	0
a72456d8502d4cf5bfaf1b4a9f1add36.jpg	0
e8b4ce08edc04679861e06cf19cce829.jpg	0
23f079378b714ceaa31a00d1a491049b.jpg	0
3b57285342124e2b941745b9c40bbf78.jpg	0
9f0aab79e8e84575bf308c0de2e9f331.jpg	0
078eabbb556c406f90958ddede60fd27.jpg	0
1f87d018cca44866a1014f24d8a8e306.jpg	0
04a9c4f601f941dcb36c5fe0bd0a5f2b.jpg	0
9f5da5403380470696dd7a7798236bc2.jpg	0
cd55600c0b8f4743b7b56d9552f381f8.jpg	0
a1a0f0fcf0c74df5a5b0937c0fcee533.jpg	0
9db585b702954f7bb5f33ca73530bc25.jpg	0
7f4bf2fa3e0040efa7e2e97d6a4978fd.jpg	0
b87a07c519934a1a9f4931eefc6cf711.jpg	0
e2e93043987c48059e3e45ae3bb78899.jpg	0
eaad7de64fad4f53b11acf87fe672099.jpg	0
6e8e666fe7424356b0b0024c901ea990.jpg	0
afb1c020f45c4095aae18f9b120e98bf.jpg	0
308cec53fe004f7792b4f9f555ce0bf1.jpg	0
300894d012544654a777d5242d8648d6.jpg	0
6e8d8246f97a424583ae91a974e76b2e.jpg	0
f376075184df481ebcaf412b992ae611.jpg	0
09b04062b62f4dcb890a46b0f6c75d73.jpg	0
bae9d860c7f742c5826fc1346d084839.jpg	0
6129d52970b64dd78412d8cd6b64cbb0.jpg	0
786417a6351b40839bbd20c31cef8f23.jpg	0
420ec45a91ef4968a2bb8549acdf7784.jpg	0
9557055e1071434e939c84d450965c62.jpg	0
6f3e30fc30b249b5b317c149edf999fd.jpg	0
d056cf3918994ce7baff43b403abe83e.jpg	0
6319a6ea574d4b959c111fcc1732852b.jpg	0
a98e153ad25945a5b1d04b39db509f33.jpg	0
3d39c9839f8641b28be141c465d5ad52.jpg	0
4485a1495a9c47f6ad759c11b3ef5aa2.jpg	0
dd42ceffd91146aea6608e8766b51fed.jpg	0
a14d437969934d2291b719a4215de0f7.jpg	0
3d5eec9c194c4d418bbb974781c26909.jpg	0
f976471fde754cb0af918349936bad83.jpg	0
3f74da44d45040fab6474e5e93fe46e6.jpg	0
60385a3a6aa044458e1bdbf521d016af.jpg	0
84848ae0e4d44b65a6fe95334864e7dd.jpg	0
8b3be5db53a44ca3b464e0febc971468.jpg	0
6405c63c016f437f8bfa53b237cdda21.jpg	0
44c408bb27b24f0f94ec59e9b0877d12.jpg	0
e730ba1fcb974d1b99e84e8f249f05c3.jpg	0
4a72bbb0476d43c681f500ee43434d1d.jpg	0
a92292b8b9bf49489daf996bba9c5f20.jpg	0
7ebe82c5968a420581065659ed465a44.jpg	0
974d4fef23fe48af9c13481fe6088644.jpg	0
fd54a4c2fa3b439898876a7a816ac32f.jpg	0
45d6d670c4d4422baa908e90efff25a7.jpg	0
fd75e688b9ba4579addd96afd0936017.jpg	0
55220a12c1774a43b84fe6ae1c00d468.jpg	0
dd2705f711e74343837a1fb30568409c.jpg	0
c64f8f4c15484f84b7b0762ccbff97a7.jpg	0
d79477803ae1476b81cf53b33ff81ba9.jpg	0
210a59f35c6a4c6794ff2ad5e085c112.jpg	0
d308efa884c847229ef64b82f4e1aa3b.jpg	0
86282125f58a4531a8f2212a17114442.jpg	0
b47e5f50bd934fcd8beb3e535b8a27f6.jpg	0
9c3b576a7dff400ab9680217ef4ad4c3.jpg	0
57267937359b417e964a661cb836c83e.jpg	0
4552fdb467a94072ba91f48e284d2117.jpg	0
ba0ea5a2f8db47bebfd6ba3c451be15a.jpg	0
2e57fed33430400fbc0ad2f21f153aef.jpg	0
5649c90181194861b3b25dc13dbf89a1.jpg	0
cad7c4e23ce04dee97553431562a830d.jpg	0
251a52986d4d401d96b3bdc5f8c15113.jpg	0
3dd9a34303de4bc0930a20d72c7b4600.jpg	0
9056a254043c45599d6d10b498341d09.jpg	0
9fda29730bda46e0a5265a5eee86e618.jpg	0
89fe4e5991ec477f97ad2d61412d0222.jpg	0
edff38b40a1f4f7f8ced9841469528cc.jpg	0
5f66eb5e88614ae1bf8166696825b803.jpg	0
8ad9562d40324b918a9142d9f392e304.jpg	0
7500bc1e046a4744a5757f06ea35f67b.jpg	0
a70c2fdf948d46c180d0f92f11fdd40f.jpg	0
e778166ef5df4c5d87dee0ee0167e076.jpg	0
e7d7e9c218864eb9b9e30a3a9e039361.jpg	0
194491190a2f4cc0aaae20608c80eff8.jpg	0
7ba6426e218e45f1b3b675ef9287f9ce.jpg	0
8b4b9300b8074231bfe829d3dfc9c346.jpg	0
8226906d435640f6bc001cc6fbeb5bc6.jpg	0
42a182591f3b4eba8e87423c9dd8c4e0.jpg	0
09e8d9b67a124dd19b6d4affd27626c6.jpg	0
b970b7dac8a54d219d66a30477399b3c.jpg	0
ea2e0a358862440caa51a326a550fdde.jpg	0
9a06fd0f0e484ffca923c03bbd2e7b63.jpg	0
10f8c1f184274cc48aa469e6489660ce.jpg	0
d1b8adcb9b2648f9beb2e159f883da19.jpg	0
be2512c7e0f246dd9418bd6281ba8bd0.jpg	0
2d8cd994189f4c8789503ffcb7a7745e.jpg	0
d07937835e7e4a65bd7376c5b6bad486.jpg	0
07d391abe9bc44268039b03f15c667e7.jpg	0
d43c79ef55eb4ff88834b6717b224e96.jpg	0
e55b976dfe25423f9a67c4b1f58af0e5.jpg	0
4b645f99c73d4616b080f27ab60d76ea.jpg	0
f504b759754b49ee89b95654bbd13787.jpg	0
a4ef4c84129744239bb53efd09ad11e3.jpg	0
8c7deadc9e0a4af1b5f60221e4cad0ed.jpg	0
0695ddaed2e74df4b1c4669b76453c45.jpg	0
bb1aa20cec2741d48d2e9be3f8da5bb3.jpg	0
d05d897036814832844de8f34ae53ea8.jpg	0
543e8bd629514fff9a5c629d98e8f327.jpg	0
aec6d1eb317b46148b5e4e214fe9e2b9.jpg	0
a4d97ac5b8f5463a8f4986880cedccbc.jpg	0
4ec26dfb99ec482f8c1e5b5871cd32f2.jpg	0
b1fcbbf200284b4682c1fc3947f4b4ff.jpg	0
b28d1dca0abe464b876c1aff3c1df4ec.jpg	0
9a456e2b2d08442eaed1afa5f0a1c06e.jpg	0
94193c98faeb4814829f63acaff19d8f.jpg	0
d59e2c2fe5f24203b3caa8b38c6965e2.jpg	0
b3e3aec6587b4c4386606295168caf3e.jpg	0
918e4e3ecd9044889b9392ae20f3b0cd.jpg	0
e8d50af0f84d47a08191369facbaa2be.jpg	0
0d92d5ae5a9c47fe92416a273ec2a9a2.jpg	0
60473628985745bd9e62eda69246dd3e.jpg	0
7cfec3b03198474792a4ca21111e2ff6.jpg	0
f90bdbd25b7e41be9eaf1cf72c87a5eb.jpg	0
3d52bf89b8ab471c8417f73215f549ee.jpg	0
ddd6c91dc63949f4a41d4572396af54a.jpg	0
de34e210c3ff4bfbb847436d8b37bbae.jpg	0
3317c4b861394f159b1801c1dc01d2e7.jpg	0
68fa47c191994edbb8f2da93fb6dd6e1.jpg	0
93a153d6eb834a039c1151b66c68ab16.jpg	0
01e3d9c7823f482a9b64aff76f73f7c0.jpg	0
43282cf84b6f4d5285c1fc944140d0e8.jpg	0
0ab9b7f86a14468c8184188b74a67fb4.jpg	0
c9143b11a4574e6da39c10e35f399714.jpg	0
d9439896feab42f38af1f21b7895cf47.jpg	0
73c3e63e3a0f418887c5d98c1f376fd9.jpg	0
20cede1f14864b6bacf17f9b1b4729a0.jpg	0
77c590cabee04054a1dc70301d4dda45.jpg	0
4446dd73d0de45ee877bd75c821f9d8e.jpg	0
f111812fc44b4c78b127be5698cf9124.jpg	0
c93f57930237428282ae502b2c1395b1.jpg	0
ee3ec65b469a415a843e43a3164a3eed.jpg	0
a76848c10aee46c0aae7560dfbcc844a.jpg	0
29785253d59e483c9baa4574fbcc00d8.jpg	0
a9567af0cc2a4b6f9c1dba7a88c35bdb.jpg	0
cfb972ddbcca43b597ce3742cd1875f0.jpg	0
249b75e528e846ceafa8b30cd56c76cc.jpg	0
4b55cb2b46ea4b40b8f40c0f57b90dda.jpg	0
30347547e9d5449fb989c603a9ed8d1d.jpg	0
a9f5a89d71cc45658cb17b0da522b127.jpg	0
2ce54d225b474815b767c973b26e1d27.jpg	0
f995639a67e54b0cab9bb18f37423362.jpg	0
f0d25acefa4b4a8eb375bdff9080d99d.jpg	0
64a3a23fe6324ee685fa41fe74e2dfb3.jpg	0
cda5394a05a34b1a9c63fbf3b602d867.jpg	0
841b3b8cc13a4ae482332cb5ae0d8d95.jpg	0
65c7e3eeaeb7426b87626e5a775fe911.jpg	0
4910d5db617c488f9a6004743d00cc9c.jpg	0
d56d2cbc5f0048b0984b0a5047ccc436.jpg	0
e001d38d70df4576a0915f892e577d0f.jpg	0
11e0780ce2e34c4e9e9d16606f3b0abe.jpg	0
fce998a58f6743199040ec28b2478415.jpg	0
7b808014d8a54aaa9a1644b66461c39b.jpg	0
92fdc60552064f3ea87837e7c5d33122.jpg	0
807d62f43cca4bd4881d100a08980a91.jpg	0
a70f8a7120604ff98f8d8efdd05d151e.jpg	0
e3099f39a7c3481ba68de6554cd4395f.jpg	0
436702a6907c42498f77beedeedcb57d.jpg	0
78abe1a494d74870bc3ef117c8d76d96.jpg	0
db3eb79ec0ea44678778c89b43de39d6.jpg	0
9377352dbc464ee3b6d743a89b43ed03.jpg	0
8280d708c3724d75ab4b44396d49e330.jpg	0
5dbafb7cd34e4e889d8ad84f925e4325.jpg	0
4f4fe4d8b47e4275a71f40252d70f6a0.jpg	0
5b8fb9f9f6b043789d61cf6080231a48.jpg	0
617428fe885240cb90749dfcd2a0c138.jpg	0
11a83c120add4603b1ce81e03a5b1843.jpg	0
5c6838bb6587487da517237dfaabd87a.jpg	0
1298c8ac71aa4cb9811938613c237a59.jpg	0
301d0206175a4cf6861472a40248390a.jpg	0
7c06214f95f441e0b75892293e5120a2.jpg	0
24718a0f0c554c16b373931c16f246a3.jpg	0
2b1d1619c5dc49fa997e21d70bf55311.jpg	0
3c31863ecad9413cbbffaf38bbb905d6.jpg	0
3ce8dc184339483497ece5432ca40fce.jpg	0
5a58f5ac364d4b29b1fc84ced44663bc.jpg	0
5ab3e2d782d6425a8bb43d7eac325a51.jpg	0
ade53b5f0edf44f39c6db21107cbc3b4.jpg	0
af12f23141814eceacafdf409499749e.jpg	0
880fa7b3c7b044fea3fab9e8ac3ab132.jpg	0
808a8daf0de94f9f9c0f0dba877be69d.jpg	0
c4201d18b87b42e5a3abae6d3d0b6a21.jpg	0
037de49591574113b97dede093d41b1d.jpg	0
a632b28d169f448394748b12f83d58eb.jpg	0
4bbc666de2af41dea558207b20e90034.jpg	0
5187a31f99ea4179bf0b1f44e51b2fa9.jpg	0
8e11c6b7cb4345a9a5343f05ea2b4645.jpg	0
bca09fc6135640b786443d6be78c51c3.jpg	0
e34819ed375d4191bfa2bc6c1b0db969.jpg	0
663f3d03a0c94047a77ab64ada8665d3.jpg	0
67a4e23bdfe34e01b205a347e7e1a3d0.jpg	0
90554245d28c4d0c82285dc131805d92.jpg	0
deeffc4bb0064538b8982920426adc27.jpg	0
bcbacf542c4146cbbe3a3af9b961fa50.jpg	0
99900d7786bb49c8a1e5b5ebc6f68f69.jpg	0
6a396a8ddb7742529b271c53924272cf.jpg	0
5a073aef19c442c49d991137f0318c46.jpg	0
14487b8027ab489889d3600be8260f03.jpg	0
c02a9ff62b6f4e3292b9a899d8bf5034.jpg	0
8f35facea311441baaaacf3ed8ef77e7.jpg	0
424b50eccd6846e885c53bc6ad4d1b2f.jpg	0
08f28b433652473ca037258b796b2071.jpg	0
b37896ff7ff44a2f85be9fd3ac094572.jpg	0
374636b500b84277a1d1584ed78c1f67.jpg	0
4737435130f74d3baafa1f72557aa9bf.jpg	0
7b9b380643b042899dbc2f4a2009f6fb.jpg	0
3121274e50d0418f8ffa72d7a9319239.jpg	0
846af27b73fd467aa622c3e32fc9a2db.jpg	0
ab8773ad55354f3dad2b22974db0a511.jpg	0
07660db7fc344f5fbec6444918f13b3e.jpg	0
0548d13cc414438baa74f2cbb956d5c9.jpg	0
8293f845b8f544bb811e61ab30a7c8db.jpg	0
52e13102d3a543c8b236492743375e30.jpg	0
6c247cc9be1946afb27aec172a839b32.jpg	0
a8f9fdc49cd946979a104cb63863708b.jpg	0
854bed780085499d88d45252f1b3d4bf.jpg	0
694e39898dc543309aa9363b01d6ac2f.jpg	0
77aa9c71309c4bf4bbdce135c0725577.jpg	0
e68810f512d442169081955719f7d007.jpg	0
fa233dce32744de78841c6c82396f27d.jpg	0
513c0ab2e9824ff997e772f4ec7870f4.jpg	0
d3ebf7a45b3446309d2220be765ed826.jpg	0
0dff90cebc07443393a438f357f1127e.jpg	0
8092eb249c06483d8b8f1b4ac95e2668.jpg	0
d1c282d59baf4cdf8c95c59689c09523.jpg	0
477f317b8fe04194bb6c37d01ff99e3b.jpg	0
68bcff91d679411ea54bc294b69f01dc.jpg	0
80a4335e93f84e869fe0449faae0cb4a.jpg	0
07e63f434cd742419325e2db4cf0bfb1.jpg	0
4fdad0ae89a84b6c92dbc3437d3d2b1e.jpg	0
900c94060aa241149906e84001d1fdf8.jpg	0
114e318568b249b38ff82804f39ebd82.jpg	0
3dda20b16d07416aa622215344aaa01f.jpg	0
7db867b4a02b4923aa3760c53d24fab8.jpg	0
e2c11308e9ce4d529261bbf92d820322.jpg	0
bb88b89e74904973ac6c6a754ca6fb57.jpg	0
9988641f50ab4741aab092295de45950.jpg	0
133af3debfee4404b49416c410879bd9.jpg	0
23ff962db1e04e18a5e0cbe4461dddd6.jpg	0
94b560a5071648b587fd6f50ad6db3b7.jpg	0
2025994b94f04fabbff5dcd2ea9206a7.jpg	0
e6dcf1232744459ba1e22929d57151dd.jpg	0
387d2091391942ada50160b1abe17e86.jpg	0
1bb6538a15fe4260809796a5a18ad792.jpg	0
1149b154a8bb47cb8917d15846a2ce10.jpg	0
b234a40a418a45a2929dbc59015d5102.jpg	0
5563664c015a4ed1b33c92cf8aa70c2d.jpg	0
ad0896583af14808a3d53e97c2c6f31a.jpg	0
7fae5364d8cb4d7ab14f7e6f41f7458f.jpg	0
48c4a9d326504fc3be7e1f0d01594c0f.jpg	0
974af9b9e5ee4f2fa4b15dc2891cfaca.jpg	0
04842989df204113a29cf9bdb8c94b35.jpg	0
54d0e0b768b74fb3a0b0db071d542573.jpg	0
578638a51df44563ad7019b88ab747f1.jpg	0
ed20713b5e774e0788016b3b420558d5.jpg	0
f79890accf7441c493730ae9ea75199c.jpg	0
25e24c7635734f22806a2ecab7cc3810.jpg	0
2d9a57c4684c450a87402c82768b4df5.jpg	0
846bdca241234bf7aaeaac8477473ae3.jpg	0
d66c4b9e0a414c33962ad95fdbb25887.jpg	0
c7b98924fe6846d5a98fcb74ea9a65b4.jpg	0
8e1433a79f31457da8109a73678036fc.jpg	0
30783ef6515f4fa5b4858ab6108b90d1.jpg	0
dbb2d900055c45fdaa356c21a0d0680a.jpg	0
87dc27f2e3374a20865fb2635d073818.jpg	0
b49b2a92328e4e138094276526d2d249.jpg	0
387c65bfb2b94088b645be358a70277e.jpg	0
8bd4fe73fc8d4a7c9b0500489ee12b38.jpg	0
7b33185129e34fe1852fec5aef3436f7.jpg	0
5ca527de7281442d98de31da4a95deba.jpg	0
b87119cb4a2c4118b77a6a79eb807632.jpg	0
855df877ca6c45deab7ee5412bf4dae0.jpg	0
1b6aff532ff144ac9690c2745ec6c8cb.jpg	0
9ef09f0aa92448c08b0092cccd13f733.jpg	0
d18786c7b3f24faf880e601bc361cd46.jpg	0
d16eff1e6b1f4e198719b17b4f6e38b4.jpg	0
1f9a9fc7cc9447c0923a9f64b41d6e26.jpg	0
113be661b69f4690beb9bb8e7b140417.jpg	0
fa20e056eeea4f9d98dcebf126bcb360.jpg	0
310355ae1d4a4141850737cad78c0144.jpg	0
a99e83c947174a6ea5e06c47fbf7eb5a.jpg	0
6d14688db59a4cf09001977ab16f661f.jpg	0
40d65415fc304311a1f8e6686158bf1f.jpg	0
ea18832f68c84565b02b8529642dd1dc.jpg	0
1750af5ff8224edcab9efc37c0e6131d.jpg	0
4f62364333954ed08de1363776c1a237.jpg	0
0c7141c266ed460f962d79096b9ecefd.jpg	0
2226ade0236b4990a43caa25d9c49fe9.jpg	0
c21c0b85d84c4c7f942e8842589d79bb.jpg	0
fb701e3a2a84469e85fe6dd817205f74.jpg	0
a7e50d30dd0240a2b95e69dfb7cddd0b.jpg	0
ef74166033da4be3b7641680c2f6e8d7.jpg	0
f92e0d113e3c4c8ab0fc79a2197eb79c.jpg	0
8b2c4aad92f64b47ab9b4d9d30a2dd8e.jpg	0
7a2179e14b2c4d16a4ef4089a4595ee1.jpg	0
3f097642bec94f73b85480a396ec3486.jpg	0
b8891c3012e44198b6b8c474c1a07a7f.jpg	0
63836b36a2e4448c85482f50f9a8a2e1.jpg	0
be557ba0b23d4a7c989c997a1d9a3a15.jpg	0
ccf1be3938254e638488efafbe6b4be4.jpg	0
d1058737bca44c0192d2f96aba4bb796.jpg	0
712917458504418f92fa34f3ddc4f31a.jpg	0
fc70414abd8d4b4f87645e8c19c4e960.jpg	0
8ed7d5bd7b584690995c3243adf81a88.jpg	0
ca1a780d97d74e1e92e45288aba3aa6b.jpg	0
26bcc96847ff47ef9d9fda64384d60e4.jpg	0
498639c74cb34a928c2f0292eb0937a9.jpg	0
59c076e6469e42d099b30e892096833e.jpg	0
ddac2eda3af7487fa871b50a556fc7bc.jpg	0
eba0506e72de481b9aa1350276914966.jpg	0
eb2164c3837e402da7efa8994f0eb242.jpg	0
1ff4462da1694bcd958fcc932ce1eb75.jpg	0
3db0602ace43415bba4d7a98916e531d.jpg	0
c0da891a276d43c48dd095b64638d2b8.jpg	0
e2a1c322f7a949119444c7bcbd735b51.jpg	0
baaa3ab719df459b801c2821a8847e72.jpg	0
d6f7830f055641b0803167d68ea8b381.jpg	0
a4d5f55889e74bc8bddf41bf06046a44.jpg	0
6c1da5f0bfc34ade87ff35f7a6eb4438.jpg	0
4a12604c2ab14399ad16fb10f08d8c02.jpg	0
335881c0998047a4b3f175a6a6db1c02.jpg	0
954550b095084d399a51653b9ddbb915.jpg	0
d18b7ef23d364344b10e3edb8f9ce2d2.jpg	0
5e9eca6f05874d619773ff7555bfcaad.jpg	0
2e7e51177d55478cba2b79ffdf47489c.jpg	0
0c6d9d6118b04a5880083bcdf06be47f.jpg	0
a54ae4df6b7f40bfad7cdf00b9d5a1c0.jpg	0
9eba7551bbb54da5b34be96bdcca9549.jpg	0
71ae137444e24d6fa04dab7ec798463b.jpg	0
6f5398a9c4cd4b30845dd5d2fc4f7f8f.jpg	0
63cda3486f494aa2a532203cc8eadd99.jpg	0
cc63b2a744a94ed88a6df9cfd59972fe.jpg	0
460557e86fa843d9a22cfa9afc9cb18a.jpg	0
9c112bb18fd14cc9a923d1ef7b9fd9ca.jpg	0
30c11a9b8a9f4e12bc7c5004d407ec8f.jpg	0
7518b5d2bf2d4de1bc1b198ee2a6c4df.jpg	0
525af3f631004265bb9ade8ed8504b69.jpg	0
4a61cf4659384b46bf942a7761621553.jpg	0
356a3d38a5d44d878e500ae8d7b2a6af.jpg	0
e29177fbce8d4ef18e3af6fa5ad342ef.jpg	0
88639f928e0f45ea9334eac7b514477f.jpg	0
4b6ae4049cab4d979943692778ccdb37.jpg	0
e71bcd144b2e4af9991ee064cdb99721.jpg	0
c22a5749d1014d548b7b66bfaa01f552.jpg	0
52c8786a12474148a0d75ea7d946ff7a.jpg	0
03ba544b60ad43c1abb1f36b8c7088f3.jpg	0
b91a86354eef4bb39e91f44c882e5c8c.jpg	0
1147898a7b4d4ea1be39d559ab8a0078.jpg	0
069ca65a634c4961bb0ee494451a4c4b.jpg	0
d8a357146485447a9c2708e0a7f73827.jpg	0
bc260724dc114d8eb20ee186e7e5dabc.jpg	0
95e361f1098849f1a01b10d1ac49c035.jpg	0
22f8f7415bfd4da5a48195cc1f5d405d.jpg	0
a848f586c20846ad8d73e2252e55f167.jpg	0
8ffb4c291c9e4e52b26854646b22ae51.jpg	0
3d2af2a8d75c46b3a7169e8f146396f3.jpg	0
a85fa1834fc641a1a7b59635454fe75c.jpg	0
de62a8be8ac748debaf2da8c8e1379a2.jpg	0
ddc4cd8a490344dfbf34ed9a9f636ca7.jpg	0
c433e300e8244f3cac6571fd1fa193d4.jpg	0
71b7a932e0ff436483e8545353b6c72f.jpg	0
153fa520f0264c2b81ee79e99ff62271.jpg	0
9322ae0df89f4c70a75465f290ffffed.jpg	0
2f316c2155254c7e9287a9b5f8ce12bc.jpg	0
4eda111105304fb1b2b03e61be9ace69.jpg	0
51569640f6a446a8976b810c454bda19.jpg	0
ac1edc23fab4480ba809e624682e6b7b.jpg	0
8a2878acc82f4620b6d21e5b2360fabf.jpg	0
2542632c63fd4b9fbcfe6521e78cf46b.jpg	0
659284716f9640bc8290caaaffbd9e00.jpg	0
cac8ac2fb5d5412db824d202b7258f78.jpg	0
6324ded8a9334079836d2e0e65dc3e70.jpg	0
ab49069d4f6942bfb33b88ce43153a3d.jpg	0
63fdd22dfeda4646add63e7deb819f61.jpg	0
016bc5d8a59e4e5192f52b6c29a4853c.jpg	0
12d40e61a4c8424299ecac7e0ef60421.jpg	0
bdc07fd1d8ca4124b851b633b0b51bd3.jpg	0
270e73fcfa2740abad4a789b819d5628.jpg	0
a6781e7c71204bafa3024bac712dde8d.jpg	0
0745b38bdef54faa8faab22fac9b01bd.jpg	0
7bc92360a8ff4df38af13f6ea29f9122.jpg	0
f668504d8842400dad2565fe181d1acc.jpg	0
6994b9a0b1154819b86977dd358d849e.jpg	0
cc57e74f5f674478bdba28d4dbb78b1c.jpg	0
5a62d342e08a4ff184e5ce205cd72171.jpg	0
75d0269462c54583bc0ed82a93240060.jpg	0
1abcf083884e4e08a83d4a08b12a0777.jpg	0
40b343c02c894a8ca57e64f69c7b2477.jpg	0
58bbb97151da4457a8d72ee01cfd9633.jpg	0
40242e7812f34098ac571173df3f2dd4.jpg	0
fc7880debb944816bf195b45b809be15.jpg	0
7b88faaded1a4eada8395b71dec3baac.jpg	0
a9a45c8656fa4afc93109de95729a804.jpg	0
15e50becae434262a3d18aa4a7c5bc29.jpg	0
797b2f03f702462cabe6e2e63bf9358c.jpg	0
dc7a2357f8184de8bb0f1875e08e31ce.jpg	0
589cd24ba95f4304aba8d73f0791ba6e.jpg	0
30b73288b45f4b0dbcb76e7c406a5942.jpg	0
ac7134a78d874e4dba566d4a515d8254.jpg	0
6bc7a0c4479a412385086784bced5555.jpg	0
d84cee260cf14fcab8bf020376f33e1d.jpg	0
2d744235404b497e8ebf71d9b9565d38.jpg	0
11f35ac427e1473c88245b6972c6305a.jpg	0
b4dc7c793f8042d2b0b725a6e8efe0a7.jpg	0
c849fe62fbd041a89a3a00e6f65a0fc0.jpg	0
3e593cd566b543ca9678dc7d4b73f3fc.jpg	0
3ff8a8dd1a384e00b5beeb06bd560c42.jpg	0
aac00dcd141e4a9cbb56918002e9d065.jpg	0
5116d75477b74c22b9c6bf8eaf9360ff.jpg	0
255775b3c461434c85b316ef6bfa8a37.jpg	0
19464be9d60446568669582fe453f628.jpg	0
e422be615c29473d830986042ef6e4c0.jpg	0
c83ed4326e7f4f578c9f86b140ba9674.jpg	0
f4004fc81cad404a901270b0c2c8683d.jpg	0
1e702283eedd4dd0ba6ca5b755924b25.jpg	0
24f088f9ccc44727affd2ba87bbf4c46.jpg	0
c07ad5306b5243349fc858bfe52c9e94.jpg	0
ecdd2ac4ff9644f5a3933465969b79df.jpg	0
6094c7fd5ca04ba087cc1361ef748c6f.jpg	0
140f5ed03932431aa105c2c076cfd28a.jpg	0
48e097feaa344e0eb9619587bd9318c7.jpg	0
58a01e3ef3554b68b698a9f664eaef7c.jpg	0
83bfcb87cadd42258c3df1feda8cd342.jpg	0
a283330b71514de0bb9acaa14430d2e7.jpg	0
17811016f14b4a72b3c4efc441e99f1a.jpg	0
ec1c66070f6f442690eb2cec97e60af7.jpg	0
0a353ed1ceab4e38b05762e2ef7a526d.jpg	0
0849eee8cb344ddca9643633d2db8daa.jpg	0
b92c7ad8110343929a351ff8ce8a020a.jpg	0
c474bacea9994e86bd6343196f19fe92.jpg	0
491fb32fa1f84e17bfb5b0da9b3becdb.jpg	0
9eef23ebe667402682aba593b5737607.jpg	0
d21786095cb94c01bc48d79e01d14c0a.jpg	0
51d2dcac05184e12b4885cfb9129082f.jpg	0
21b4eeb80c3345339be6d25d0b0d4906.jpg	0
17bc6acb5c3a46c0a2a6121cae904303.jpg	0
5498765b38984effb076f05930a6368d.jpg	0
e72a3f597b9a42119ac68f8bd565a656.jpg	0
1257d6988f354c8194a9ba14b27e325e.jpg	0
631fa6324e244526b3e453356cd95994.jpg	0
da3072ea490247878592b9396988200a.jpg	0
4bbcd0b74b7749d1a0fe56b538722286.jpg	0
3d47f2faa2e34c19ab79048c2bbdeb78.jpg	0
3cf8bdcafb50423c8c88b20e7226275f.jpg	0
69360849e2da47998b79ca759d332b1e.jpg	0
44b4cd6c8388492894557b7cb1931461.jpg	0
093ae22f07ea402c8e5b9786d565a3ac.jpg	0
4449df199d5d4e46b3d6bb00d723d56d.jpg	0
fd36ec60f4a6445ba7b55508131c78ba.jpg	0
f771b536022740a7ae056996428f120c.jpg	0
cf67b0a63c384c46bebdf3e8c91c0245.jpg	0
9b7570a53a9c46218b566d9d1087594a.jpg	0
0b1ef45760f942adb36cd3a949acc932.jpg	0
932cdb05a0cf40c1a101e73ccefc307e.jpg	0
92315e19ae2d433997b97239cec3e22e.jpg	0
b6dd55e75f42408fa837c2fe2e670f43.jpg	0
1459b97ec4b646eb8d968e2419762bc9.jpg	0
d6c65b3c54d9487587385efcef59e009.jpg	0
e3aa3b0d489c4ec2ae31e646d6bdd9e9.jpg	0
de406a2718b84f12887fca619d4fdede.jpg	0
9db0981fc099447da73edaed43c83a3c.jpg	0
b156b48161834e3aaa4cc6f42f65617e.jpg	0
ff3eb30a32a744a39a737b41e09d668e.jpg	0
972f086c08ea4f0f8779da42ae5a454b.jpg	0
b5a39c6268cf4d7cb11420ced8383529.jpg	0
8ea4e8006a444af39b689251658e172c.jpg	0
33e85d02fbb64484aa5e94b10f6ae09b.jpg	0
4008f2c8ec0e49348ad5ca00def6b2de.jpg	0
62d25c367ac64166ab92d6e378305ab1.jpg	0
d026f954554e47ed867355180e9be46d.jpg	0
9d9518e50b1642718eb1202cd57c6035.jpg	0
993c1b3c69154b99aff852ca03aa03ad.jpg	0
6e99eeed11e74d4eb947ec769954f594.jpg	0
2270900209374e379ca8e2265b2017bb.jpg	0
45a889cc9ecc47b69c8d7200d5db5ea5.jpg	0
6b694402b1e848368fd8dbaf914c951f.jpg	0
c4a449c81a7a4f27ae8789cadaf84d70.jpg	0
54c3267f78f04ec5bb5522d8ce13f2de.jpg	0
9583db3c2e6f4d308074a593099950a5.jpg	0
8fbb8ddfb2674e648d3b1c31efa582b4.jpg	0
957145c8b56e4e93a279bceb61134fbc.jpg	0
7e913ae83b1d4bdfaf6c6b40713ad65f.jpg	0
d844b67ac5dd4f7bbddba4411549235b.jpg	0
76378af75511424f9d85f1fc85428eb5.jpg	0
b6ee3321d1e345e8bead06c46860d5af.jpg	0
f61ec36510b640c3b3c6d15d729ecca5.jpg	0
8509f22b87e043229d18b42dc67dcb31.jpg	0
af030f08e4c34df0b5b510bddea5f710.jpg	0
8cf2e42735724848b1477d65fc6703e9.jpg	0
f7ff0894270e436d8de94f04dd7dce92.jpg	0
248e32e021644423b9e7c04f4f4d437b.jpg	0
b43fedf999e74d3f8bf46c7cd610ad1d.jpg	0
35cb3bb6f1a34458a357297ec40b11ba.jpg	0
aaeda5da2ec54610996528d26f562143.jpg	0
12a988d718f749dabb4b601c031f1492.jpg	0
447dfc0d9b6b4ff89c9be8e3d9ae1e49.jpg	0
fe468600183b49968c5e105777e1db3f.jpg	0
c17c5c84eca54d9cb92de3f742afbc57.jpg	0
b623b48e2a9f448caad0355af0884492.jpg	0
bb11ac8b9e2a43aeb867b6978119b1e2.jpg	0
a33b103ef9434ca39c70408e3f7a0137.jpg	0
d50d30681a4949cf9f170673918f3ee9.jpg	0
8adacbb087f5468da8ebf406a709aec6.jpg	0
af6c9f4bed2241519809f2ee2f0cab8b.jpg	0
bd81c099205d42a88d145c26fcc8cf22.jpg	0
0f7d4b5872654af78b6572aa00ae8ad6.jpg	0
839a2308755a45f7a9536157aa1e8edc.jpg	0
782a2eee7da94adab342907dea4ba314.jpg	0
65ee2b09e976475dbbb0319eba01018a.jpg	0
c712f073fa7b4f42b42927270a63e0d6.jpg	0
24fad6bfb3d24cfd81a6dc2fdfee5e94.jpg	0
1aecd60b741a49beab4d3c9f2457bdb9.jpg	0
86cf5cc5adf44c21a011d45bab9c1d36.jpg	0
587c418d84d74458adb2ce64e3d45936.jpg	0
2ff97b37fc994516879ed622f1572c57.jpg	0
7bd91b6c15bf4b6d991612fc4496dcdf.jpg	0
2d7a1bafb45a44e1ba65834e40087c12.jpg	0
892118846fc44aaf8003d0e130caf012.jpg	0
e4bd7c8bafb34309a964972c947a1706.jpg	0
df6a66eb0fbe4bccb9ef01d2fef8305d.jpg	0
8ac334d5ec0144a1acca5c30aca28b30.jpg	0
536b4853f2ac4e95871b92b4c847d0b1.jpg	0
afc7f468a88147559a6259a3b4a10cab.jpg	0
fe5f67b7d59949a9aa5b3c4bd6a0bf17.jpg	0
591c9c52c99047c9b90fc4f25291a342.jpg	0
619171817efb48ea95a43d1dc87c1c9c.jpg	0
ad5c2315d98b40d28b028322b8fd9e09.jpg	0
740719de8b164020a2ec3949945adfdf.jpg	0
3c49eb1c2c794ae78d845d99c0f2bc7e.jpg	0
d78ffd3530ad489e9a930bdf0b6bc81d.jpg	0
b96a3781c95b4550a7b46d9dd2efde09.jpg	0
60f337cd56314eccaf99770b6dd662c8.jpg	0
2eff7ba3e5b844b99a6ff2b35c9bada4.jpg	0
5490174ee1ca403493d7d5edf16c54b8.jpg	0
99053380f67a44b380441bb70b930ddb.jpg	0
5422c12a9f5d4967857290ecc6977a0a.jpg	0
d19808e26a4a4e02b31c8867b3f0a24c.jpg	0
227fdb47c38043e98124e63284621fa1.jpg	0
5b73c74ec0104e08b3af56f7bfcd0ef9.jpg	0
4ca99f1a6113460e96fa39d321d96a79.jpg	0
3d70df71f93b4325be57fbdd52b0aaac.jpg	0
6280437f1f08490481f6c13e81105115.jpg	0
98a13fb0d06748bb866f6dab9992fd44.jpg	0
002f861b2845414ca100a396c4a380dc.jpg	0
2d3d57928c8a46e0ae9a6173fdb8ef0a.jpg	0
49971d303a484e5bb9ab856b53b909c1.jpg	0
b22860714e994afab141b6c032894248.jpg	0
3cc57d72b1c94ef7bcda8d435b0d43c8.jpg	0
bd838e6027e34424a5c2ffa2cf17bd29.jpg	0
cdd00c8e446142a5904dfd23d6019209.jpg	0
e82f18ddd0054c7781e782271dc3a023.jpg	0
7e090f5df10946cca8bb0c916cb7ecfc.jpg	0
1f7da170ad1f4db38316d0807f9d6ae0.jpg	0
f44c82f8679f435bb437f3c01f4ae087.jpg	0
671dbf5c084b4f368568d47b5e56905c.jpg	0
70afdabf03c443388a417d92529a44fc.jpg	0
6e0ab9053c014abe87729c176400e5e1.jpg	0
177201b001764a35ad504ce7ae77bee8.jpg	0
60cb63b93df54e3fa896eaa5faace0b9.jpg	0
3ff964f995b44755b37b79344b82055e.jpg	0
f98eab7bb62a4402ab990a49549b762a.jpg	0
1cc26154c649426c909f8074cd46827f.jpg	0
e1e9436a2f94405b854367fdf7772d5b.jpg	0
7673454a9b5b4b309141ab01d69d6b55.jpg	0
31e79741246242a0b5405eecc629a3e8.jpg	0
936225f9a4814785a042cce628d4ad27.jpg	0
32c82c930adf4a088d3f65357602fb8d.jpg	0
53a65aa072c64fb2b8459ac158139f83.jpg	0
472edebc8f524cde94a64d3def422c5d.jpg	0
f0bd58a1848d4449a64774bd88c345b0.jpg	0
5de9c8dc17054a038d292348c7997705.jpg	0
6a6ad787270f43c997c1c9956bc20020.jpg	0
b2ab5edf27134282b4c0e84138477343.jpg	0
9ca9ec9d62de43ea93d9322f8ea79d74.jpg	0
3f18acdc24f54a6a8f40c2836e54aaa6.jpg	0
d52bcce2914e47428076f6654eba97da.jpg	0
a84288e729f24b138abf870d11a75815.jpg	0
a5d6ba51f06c429c96ae89b06e4bb7f7.jpg	0
861b26626bea477cb5657eac7c5697a0.jpg	0
641ea17feb2b4a03b338d2436ae8203c.jpg	0
1133fb8a5010451f84e3e18df51e2c57.jpg	0
8d3851f4c78d4caf82865c62a845e1d8.jpg	0
4d60540750db4385938a57d5a74091e3.jpg	0
29df50f5021d4147be4d7cc67635af12.jpg	0
deed9f61bd6648029cfb60857ad13870.jpg	0
54267a568c834b3fadf03db8d9369492.jpg	0
6bd9bc4064a847829dca8055c424abb4.jpg	0
92d67121491c42c6916fdeafa9af143a.jpg	0
d8af9e97381e41208b324bbbdd3b7194.jpg	0
979da6e3c3524ea6bc9c786b025c8503.jpg	0
75cbe4dd9c9546e9960da046bfccbb68.jpg	0
e5693c8245304e6c8866472e01c940f5.jpg	0
bb5645bdbc9047a282a1ef36cc49f93d.jpg	0
aba3b799c3b34f54b7207b6da8d8d42b.jpg	0
998bbc7200fa4c4696ac8cd1deecf706.jpg	0
3f842c18a69947f882bafa87319e44fb.jpg	0
2da7fe1411094683a58ef3cd1f1e7a21.jpg	0
4a13c3adba8b44da92712ab75efc7ccb.jpg	0
1b8237897791466492186957143fd9c0.jpg	0
14f79a4db0854dcf84d5aa1cb1b0ac3e.jpg	0
0e0029c03d6a4d168144e6b56e796172.jpg	0
dd93bf60257a425f80742522ecfe0cf3.jpg	0
3e92330b809d4e0ba5ed58c1534a6229.jpg	0
cf0cea92853745ff9c3c20c5a0b2d0a5.jpg	0
1afd821f87a84ed2a760669ddaaa161e.jpg	0
5f16dfe9b42e49bbaea1c30745f54a6a.jpg	0
ede93cd831884adaaf95e0c6f343c16e.jpg	0
d6e3f71dd7324da6b33017db24596cc3.jpg	0
f5655f21c38f433bac26bfe721033f52.jpg	0
ec4210d200384474b4220a6c72d64784.jpg	0
5e442d42c5704e53be7f6ce70db38750.jpg	0
9c3fcba142674645a104ac727a316731.jpg	0
d2d48ebb0e8143b9b74709d23b6eabf1.jpg	0
25cfc69e2b0f4f60abcd775ef598a5ac.jpg	0
422293f9aa5b4929918a37fffca97374.jpg	0
43c213c7c2c844e0918a654a0e16ebd0.jpg	0
6341fff282f74bb9b801bd1232c0461c.jpg	0
8f47c19f715a4460b34e17c5799aad47.jpg	0
3edc4c5c537148758239db7d70baab95.jpg	0
9a1c6f5cb17344a68ac4e3316611a7ce.jpg	0
8fecdea3f9f7434698d29ca2d918be12.jpg	0
d97a21ab987a4699a702d0fa941f6add.jpg	0
3af341b2f667461c83df98eede695afc.jpg	0
7c8202b35d104f1b91b0a41516c7746f.jpg	0
10f4c72e8f044a7a818678f2c86adcd6.jpg	0
a43fc93d862441b8a4f26dca911e8bef.jpg	0
835111564e5a40969c6e7330ea3bddda.jpg	0
6aa9f548767b465b8fcbe129a80bcf6f.jpg	0
d318e16040be4e4eb12dbcf40ccb53e7.jpg	0
ce60aef28d014d01a06d9a8e0c8841e2.jpg	0
7c6862b58da74f2a8685488df1731789.jpg	0
297cb33c36e64b0ca98e271fa1f392b3.jpg	0
e0acbb588d834b178d32f27253979137.jpg	0
20dbed2f6a4649d298a0a9b8e6a512d2.jpg	0
8ec866a058504268b7c24d140e7ea8be.jpg	0
d042972a7bc543e5a43790fb8ea4ccc7.jpg	0
b01d2689545043009aa87eded7ba666d.jpg	0
a78dcfa93d154ab9ac65bb92c7128466.jpg	0
29ca5de531ef4d12bb1e9e7631d16d73.jpg	0
453314c302554ad99f15ff517d6002ab.jpg	0
0c7729315c9e4e86bdf84ef655fa08f9.jpg	0
0fada04f3109471299c573ae53dbcb57.jpg	0
cb8e8648b76d408690c86226ed6fd236.jpg	0
cbd0d8dc4b3049c495c12349163b04d6.jpg	0
0711bf06be4e46e5b5dac14d86acb9da.jpg	0
906a3ba891e04d9bb15817ac7b1f7e84.jpg	0
34d1b612ac9c4e3490e3dc4730120995.jpg	0
29e52119f8c74c398058a1f7deaf6add.jpg	0
fa8cbb53f7104cff94578cbedd2fbec3.jpg	0
0b1685dd7d2c4896b3d24f0fb68d719b.jpg	0
17c13919c18d40b1836b989a90e0052c.jpg	0
0ed4fbceecda4ef38b7905c6b4f3fefb.jpg	0
ab222d1d20224a89ad314d7377cdaa3e.jpg	0
cea40a526b194703bb9ef6db72ee7686.jpg	0
ff94721861934c5aa0616c2c8d0befe3.jpg	0
e667daeb223c454c9dbce9fed3f525a6.jpg	0
371e1ed808e84d8790f2a5f4f3806dd2.jpg	0
9f5670a37c43478d9b3e83138407eacb.jpg	0
96068cbc2bfa4a478f946d2d04216679.jpg	0
d1c63c65cfd84179a32ae1a148fe5e67.jpg	0
1146e287d27d4ae897f1b803b2c7686a.jpg	0
9082c446ee574bcf9d6903764a751637.jpg	0
f1fad28e0d02498f9495d381cbf7aef5.jpg	0
3c2a2750571b4fc29fc10867f56c6f79.jpg	0
8ed96a9c8cc04ed79f51ffc1e11bcb97.jpg	0
e80e2b2b15ca47dca0e6c24171ad6731.jpg	0
90c1f565e1fa4a0db4ab21f2687bdc91.jpg	0
a86fa83541184c3c9067225f7598794d.jpg	0
592d64f78914466e92eb8b8d816adecc.jpg	0
1415304e651140fe89d0943082144545.jpg	0
fa340d91bfe743a7ba18521c758f39bd.jpg	0
36a863f2048542ff8298120d66512159.jpg	0
464d58ad79d044d79d81f630b9eeef42.jpg	0
e508ab46dc2040c7b4a5378b57a9bcb1.jpg	0
13f25c8b4759444b9ae08c5559939d70.jpg	0
0ab233a76dd54b8487aa9a1038a2a32a.jpg	0
b76aac37024b4c199c1c86d554e00aad.jpg	0
105a46ced3a04060a1466a0831d6c5ce.jpg	0
7ea3a0b3e3fc4cf497afbb9ffeecf5b0.jpg	0
3b9a520865ed4ea09f5f1b5f0ac521f4.jpg	0
a7ffe59abb584fb2988f36c02cfbfe7b.jpg	0
5316b054cff74b73826f3d6f7eb15dc5.jpg	0
6a0b1ceb4faf427c8b46d03009e7a62a.jpg	0
645afbd5dfc1474eb5a20c076f3347cf.jpg	0
325b23c2b5ff409b9f9cb3dc09fc74f1.jpg	0
0b1e5433b4d64d10ba3f311133b8ee60.jpg	0
b7051f0e94c3459fbdbdb0c410553506.jpg	0
61e9ee8909cc4f7fb7d1de613f303485.jpg	0
8eaf486c7feb4d11870ec4adea6d1ea0.jpg	0
9c5ed665100346e686f975e204437b41.jpg	0
4b31154190ea4528abe8379e788c7276.jpg	0
9a64c0f908fc4e9c8b7b755140f791fe.jpg	0
0a41bdc5c2bb4500ae935dedab88c79a.jpg	0
7887e4a13d4e4a3fa6bd24c9b98308f9.jpg	0
5f1ded64d04144ec9a953f7e8778ccf9.jpg	0
7551faa685824b5d9ebac8a10140ea12.jpg	0
62a66addc3b54824addeb9a8e551d97d.jpg	0
9f67682e3460415c8dccb8846902d1c5.jpg	0
c0ea6d43a008499690bdf85f6f84fd4a.jpg	0
bf329f6a5bf54cb28c376425efd97159.jpg	0
e4ca37c1f8904ae686eb6fdc60e7b105.jpg	0
309bac7276054e87b4159c987b3b2ca9.jpg	0
337b67caa2fa4c46bb641f91f1ca165f.jpg	0
328ea72d49564472b3870eac86650ea6.jpg	0
6c6d281a90d54b26b2a40cd5a2b588b8.jpg	0
da146e0e0a224b12a7d9b22b8331a2ed.jpg	0
7eeaa082adfe474e98cc7ac289790b74.jpg	0
13cf7ac07c89405a8df7608b23137691.jpg	0
0a1024e30b2247649809c44abbdbd1fe.jpg	0
1459cb9338014bd7b01bd13f7c770473.jpg	0
246b0f3d792d46e3bafc195bae73d1cb.jpg	0
bba0f182d6a8427d92ac77e31d3a772a.jpg	0
648eba55cb29489bbe3b79eecd7aff04.jpg	0
3e10ded413424fce8a1c94cde5a384f1.jpg	0
11e3fec39db8451fb5757525eac18edf.jpg	0
d3cbc8d26fdf444e9a31ccb90227a198.jpg	0
400f77f0c4294c5d85114abb73e4a927.jpg	0
e645ced2dab14c228b3abd863e9b666a.jpg	0
69b78dca295a42ea80d85119ceb0d648.jpg	0
d31b5990e2fa445e888f50e89bd3505c.jpg	0
9ddaab68125046828f3bb2022f3d5505.jpg	0
502a35bfe9ad44f396be6b3968953045.jpg	0
9ac7a8aab82e49f4bba5796fe3f90674.jpg	0
3108fd1b623441729d94c52fb3b1f871.jpg	0
98007584f4804c9da54e500b9bbc18ed.jpg	0
cb240bbd665c499cb241921e19e34324.jpg	0
29e6d58a4d30469dafd5409143a355bd.jpg	0
0824abb195ba47be8775fe3128c403d0.jpg	0
844c31ae2bc34a438f240955b6490e26.jpg	0
8b6f21ddd6b74792989f1128dbcf0099.jpg	0
62cb91d73f4e4622a5f9ef0cf7084f4f.jpg	0
e642df08b423428988591c932fb717f9.jpg	0
f1c02099bd7c4ab5aa92faab411493c3.jpg	0
7c2b13331d6a4689a5157bfdee504391.jpg	0
f98c7c4dbf5f46ed8ce4c084f7586ee1.jpg	0
0ce1c3b37a7e4618985829b92343e329.jpg	0
c2df9b82da8f44689341b542f14abb26.jpg	0
afadf867e0c0496f91e2ab5d392435f4.jpg	0
9a7795ea3cca4be5ab20e8d7537cc370.jpg	0
48caf0148b4e4e64b39188e7076f7f72.jpg	0
a5041b64d33f4670a8eb1f16b8987ca4.jpg	0
0360d63e7747401f8557e7b4b25efa05.jpg	0
7b32cab0149c402696037a1ec895947c.jpg	0
10ef8f61fb5444a896dfdc78a384c05e.jpg	0
4c48ee2b268c441ab19de5c38c227e6c.jpg	0
fd5835d190f74dd6a66407ebb546ddc8.jpg	0
eb2c959e83ac4930b14634580ffbb6a1.jpg	0
eb2c73de8bcf483bb63404c0fbe747d9.jpg	0
38f37929fe25467580d401417234138e.jpg	1
4f1a1159a2ec405b9859af6f0c9dcaa1.jpg	1
aa2cb365c3e1403f8534565885c8df0f.jpg	1
b912f830a77b419fa4101826a6079eff.jpg	1
d87c2fdd1784467cb0f2fefb8d7301d3.jpg	1
c7191d117b1641bf913f3fc6b66d6a0a.jpg	1
44ae27b45c5941ed9ddb5069b31552eb.jpg	1
3742fa32fdb6419eae40056fe6e159f9.jpg	1
0bedec91e0c5462c9e4dccc3fa4807f0.jpg	1
cfcdd1a321904e3c8b475f3b15272bfc.jpg	1
9bc9b582489a4a9486404a98b044b583.jpg	1
e7471ff90db54ec7959176da2cc69c2f.jpg	1
ac2519c38c984efaacdb614dafa107cb.jpg	1
5d12ef5c610448638e29d0b392823eed.jpg	1
261278c2368346cd9cacc03ed390279e.jpg	1
9b727b77a1b64c639b4ff269625afdda.jpg	1
7b5e7af438554709a6080582f82c5086.jpg	1
1bac542a8e964e5e8f03a73e6c370f4b.jpg	1
437cb3823a5d4aa9969e9ef22ac274ce.jpg	1
c411d46d3c3243f0ab4f5526548e0ab0.jpg	1
d4f6637f4e95420aaaadf42bdae7c60f.jpg	1
dc1f6c12702e4b26b5cd87254812198d.jpg	1
87349c2579c44e27944cd7a880910f0f.jpg	1
ff6413e90ba74422bce31f75b0e10388.jpg	1
ddf4e00a1f40433080bb49008216766b.jpg	1
62f97d3b5d9a451fab374806be03951d.jpg	1
54a4004ba7f64eeb8415be2d086381f5.jpg	1
62a2ac84aab94f6bb50d58e4e4c5351f.jpg	1
09de19bb8ab94d1e9845e922e7422fbd.jpg	1
c63208a429da40b2a7f012a4d60de9f3.jpg	1
de844508241a4b51bd76109a526a3c03.jpg	1
8d28c38a5efc45a0be29f5cbe661bf6f.jpg	1
afb4bc9b65214902b9d4be941a841537.jpg	1
bdb614601adf4b019f990c25f8767f36.jpg	1
fd351984ec574597bccc1c5082da4148.jpg	1
92717c8b245a48f8a8d3e6251a84b120.jpg	1
8f7d059352ba445eb21d9839e866c044.jpg	1
9213e5256525408d8ac756a5f90b7bdc.jpg	1
a274e613d1e44daabab95304211f63ce.jpg	1
f7046409fd63417e8e807a39b4ab3acc.jpg	1
a2d9c856816d4cd78a38c17be5ebf565.jpg	1
36ee84a74eb247938e1bcf9dec51ca11.jpg	1
b34bd4bcec9b4741bf16151c14a15541.jpg	1
76cf6b01a6674b538c2c1986a26f1765.jpg	1
960e637a7c06458285c847df477556a7.jpg	1
1cb2f2e8b5d3447eab126f24c73c5021.jpg	1
6d08a08838a54a73a72bbc28f088ac60.jpg	1
df1f318852a446399f56fcb78887b41f.jpg	1
ed9585bea619414191ea988e0e074410.jpg	1
93ee702d182a49e89e0a3df5292f5cba.jpg	1
82dde48461af456fba951d3f99a1517b.jpg	1
d2eb2ebbd80a450b9766088fad1103a6.jpg	1
209fbd7e1a2244399caf1a1a6b6312bf.jpg	1
5cd3f414da1f4186bb9c54242ad22f2f.jpg	1
3921eb5f9e0f43cd891592add38edb3d.jpg	1
041876a1fa314c44b273533f6b2d20f9.jpg	1
8cf2ded2115444f28006a42b11570de3.jpg	1
bfefc53a6281437ca6e988164e1e479b.jpg	1
5317c931bd1f4184ae06e40d86c1e2ab.jpg	1
92d3bb164e364dd88702d17e286c75fa.jpg	1
9b3ac747a4164fabaf1ea271ae682334.jpg	1
eed317d754284f4fbdca83f9e41da738.jpg	1
ce5c042c93c540288807b69aa1480458.jpg	1
8b4b10cd8dac43dcad10f057d327f495.jpg	1
7c61277395034128ae17a64a43a7fc67.jpg	1
03035c4d884640e6bdf00e337354bc6a.jpg	1
c2b4c51c0a1c4a4caee07beec717ccbc.jpg	1
57fe0c24d01f4099bd9fdae8b3c7591c.jpg	1
9e2f591432c5495ca6c3897f84cf94ff.jpg	1
9b8fea9ef501486cbabf8f1cc1beafc0.jpg	1
fc30539322584ce6b7a90fac65cf43a5.jpg	1
f2b64f9d85db484fb3e27b57f6c056a6.jpg	1
5ee8ccec7d274da6ad86d9de8bd5001c.jpg	1
d3ac82ad143f41a49dfa9f2fbce695ef.jpg	1
70d9f0fe24f345ee89ac4e918233c1b3.jpg	1
0a167128f69540738d0ef8809fd50aee.jpg	1
080d67dbaf7a4ed38de552b20d686ca0.jpg	1
bcaeeaf64d484fcba6a437b4947da7c5.jpg	1
2d9e4c6517c045698a4e0e39632d2c03.jpg	1
fa6d5967434d4495bd392a369e0a8eed.jpg	1
43be97f21e1f426a96cfc905d0a57bd9.jpg	1
d3921cc7b0dc408bbb62d50ecddaf05a.jpg	1
6966e6cef04f4800a799dd4a111d9ce9.jpg	1
3be610e3f5034cf89ceed7236e7530c2.jpg	1
1b382d96e6af4b6a940dfc7eb64e5ee8.jpg	1
d70786d223a84bf382fab7687b1b38bf.jpg	1
8c106ee0992d492ba0ebc39ea3e73724.jpg	1
e89eea232e624ca9b1270f45c0929814.jpg	1
fc29ece3fe0445109c4d58c2fe85e5c5.jpg	1
0d5cf11d338e48f5b3a54757d99b545e.jpg	1
299d24fbd14c491fa61dff00bfbd3961.jpg	1
168de6ca084844df86f59dae3e9556de.jpg	1
2ca7b79893e3415da026a215bcf52edd.jpg	1
1b40b68b5bef4e28b2b2dff8c79c6c3c.jpg	1
471442779e5b4831b3384bda81643efa.jpg	1
8c38627c29074898ac724f345760c722.jpg	1
794e4177de6247758eb5dd7671a49608.jpg	1
ed9f7cc4037641b0a1b459d8abd3edfa.jpg	1
7e1b19e55a01483795f305638d9a4fb9.jpg	1
edfc06a524dc4ca78e146a5495fd0ea9.jpg	1
b6da4fb582b5457997bd868aa6b62af8.jpg	1
6d77cdba50394f6f8126596012b6cab0.jpg	1
f47b5ec3d25947a1988ea6287a776aba.jpg	1
b08ffd15add04e53a1fbd2cce4da8793.jpg	1
6abb94be6b6e487cab555e30cc8a76e7.jpg	1
711eba3dcde1409c9c2106c0755f1cd4.jpg	1
ddbcf38e5e0f40f5940b1010eb8e1df5.jpg	1
d6262e7f3bb54fdb99c27bb5f3818ed7.jpg	1
91d3d443d09b4b50909f419033ff6e90.jpg	1
ee362ab4e2e442e0ba6d91af10acc29d.jpg	1
495efedd174e49788a04159a2d9f4211.jpg	1
9637394ee1c9491fa7f8fa7c38a60d6b.jpg	1
1dff3d4ecaec4e4990cce560cb6f4ac1.jpg	1
84152ea161ee4273afcf7fee55cb8f20.jpg	1
77793940bf034848b54b6113920af3ff.jpg	1
dca9296ceba242e686eac3d21e997daa.jpg	1
b020af35337c4128b324daa20e0d2fb8.jpg	1
bfcdc1fbd0f14616b3349fc7dc259a7c.jpg	1
8161a8a505484bb78a07aebfb9708245.jpg	1
74c6d17f0c8e4a15a40cfce1f45d7fa4.jpg	1
2b02fd250c224ee0a3450cb54cc7c5d7.jpg	1
a7f04aef965b40eca9515cb702afd8f1.jpg	1
d6b2841e99b64c2396727fd6b2bb5b9a.jpg	1
4315dc2c380e4f439b192b768075bd57.jpg	1
1e3fc48b75a14e389a24fdf61fc497b8.jpg	1
5f9857eade5148399a9949ac0338c56c.jpg	1
cd0cc89edc3b40afb2c512485a21f547.jpg	1
fbc1a99bbdd84da89f001e91c8f924c7.jpg	1
39a776bc37634a4e94082cd9a41411e5.jpg	1
088cc4434f024aa789b51e3bff2eab17.jpg	1
a95425ecb8be4f909de4a775ef2d9a67.jpg	1
699323a23088422c851a3d46c370ba4a.jpg	1
26354dfa182948e5b108096fc0d45ce4.jpg	1
3a41fd4bb9c445c591df5b560cbc2eed.jpg	1
c668a4566de54e149b2db014c20b4e4a.jpg	1
b4113069e9db463ebb783c757bf0c483.jpg	1
4eaaf5fd433d42f5ac88c5211cf746d4.jpg	1
b3e3345987ba4f929d3420fd841745a2.jpg	1
15992b5110794b92affd3eef50a96277.jpg	1
0ad60ce50c2c4a7387e67db36601305e.jpg	1
3299c19146e94e858fa06c01a30c3619.jpg	1
04b051c19ebb432bb15560ecbd6f7123.jpg	1
687b80ef79a34080bdd469644238ef65.jpg	1
9334288cfa0043f5a16a44ab008f95e4.jpg	1
83e4aa38efa14a6d93b1611b2f1ca438.jpg	1
fdeae69c21bb4314ab7837a8151aae26.jpg	1
78faf195d4824b90b58324e08d2f6725.jpg	1
8439f93e2e6b49758a789f271ec733b7.jpg	1
05b29418f3764fed934187227535f0dd.jpg	1
baae172a513c44bd8fe5842bc74fb98b.jpg	1
31d975dd60304fe79ed979a8b36079c7.jpg	1
16809d0dd29a48648ebc29cba44367bb.jpg	1
9028677d19304afeaa51116d04b1b71d.jpg	1
4aa12dd849024ea8a555b8d08d2ca7f8.jpg	1
8fee96cbbb764192826759a5a161c95f.jpg	1
2591cb9352f04bf1a4ab58a8b2a63968.jpg	1
cdf3ff520cc244abb4728d64cf57a6a0.jpg	1
c999159d81a24c339b7db51035e435cc.jpg	1
e8592c6b81884256a28e41cabb9e329a.jpg	1
f1fe20889a8343559dfb5d84caab55af.jpg	1
e48da6fed3bf40d7bcbb6709f09bcf0a.jpg	1
d666824d0d49454e89c009679e6ea87b.jpg	1
3053fbef8ec242fd9ff52c51ac2d5a5a.jpg	1
276b31d68dca4b2d92310e2f85ffc4d2.jpg	1
b62a43fe0031424298973bdae02f3f3c.jpg	1
c25fa5c0bfb54aad90cabb45342c4420.jpg	1
c95ca642794a466daacf52f9fccdbf91.jpg	1
bd2cf47ded064a94ba8b6111dd8a4bda.jpg	1
ae44d63de1a24c15a844412c433118f4.jpg	1
6943cc29b2fe47eb946ad9db0ddd6284.jpg	1
b80700919f8444a4a240269b4f2c022a.jpg	1
66be3de5ce8d41338daedc39a65fbd76.jpg	1
09a9f70ea0534b67bffc65ddd928fbd6.jpg	1
6b9691ef0af8454eae8df239d81b3cdb.jpg	1
1b1102b4949e471daae27e4433e45dca.jpg	1
4005882ed4f1490aa2eb6e32013174ac.jpg	1
b1ad8fb424204ff1bd735aaa824c38a1.jpg	1
39713693fe0f418aa78df33ddf8d3e70.jpg	1
eb1ae1afc5ad491f9a23569a7ebdf190.jpg	1
de50d45ad3674410990e921cf472884a.jpg	1
85ef5f8451ed4c2084bfa9909202d9db.jpg	1
5527bc0f188241368d312636d92cfcb1.jpg	1
88fe575538fc4c3e84242d3bac504f8c.jpg	1
03879c9e624240afa17be7360cc1b79d.jpg	1
96c5bb59602748d9bf29f0841094d704.jpg	1
c74f7ef944c14e5a94fb1cef3a096c1d.jpg	1
a94aedb4bcc5450baa493d50860eccc1.jpg	1
7a0d364503fc497fab7ff055e0a6b314.jpg	1
3a3d4282a27043b683de8d44bc2edd88.jpg	1
50a52d6b54654f73b3b29747e30784f5.jpg	1
2392eb09865043a2956a18427d941c86.jpg	1
2785c95f6d084c5c9c81bdb49703fcde.jpg	1
4a0363aae20b43e281d3fbb0c99b2591.jpg	1
a60f6b45dea04bd4b77c620de334b0a6.jpg	1
b5b9f0afea7e461cbca460b0fb76cc32.jpg	1
5882b81a18894b6b894f3c8683498abc.jpg	1
506ea6b3831c4536aee95541fbcf2517.jpg	1
d677a867caea4baebeae166f33bcaa8b.jpg	1
c809f1bc524047ba9dcda0432852b2df.jpg	1
a28cbc08042647e888ce46d8ec9210b4.jpg	1
3105f87c214b4facbec2a6880cc65061.jpg	1
40be8a4cbfe54b31956e2835d8735304.jpg	1
fcab359ad395425aa4f9fe38665a8eec.jpg	1
b0b81447e0ee44c0a7e32098e5b0a810.jpg	1
650687f215ab4129bc8145a26541a932.jpg	1
2ccbaea3bf1c49688f33b0a42f6afed8.jpg	1
060b8fbefc8e4f6f8d0cd1599a4a1395.jpg	1
1cc84cb3fee846c4a0dbac6c0b42d00c.jpg	1
0e423f7c75ae4185bf9b3001ad65155f.jpg	1
003b437a45294533b2a45f71f061fafb.jpg	1
9c8f2d4a9467450da797afb06ae4c30b.jpg	1
3ed86992f0cf49bcad2fda4daa3df9ad.jpg	1
acd2dcf27ea140729b2a13410448bb9c.jpg	1
bf162e92b6d244b28d0d147411e6ad42.jpg	1
2a45c48e0da840b1ac19cb883f2845c6.jpg	1
5defeab5dd4b4cf79db0e1a39a991230.jpg	1
88829f30d70340e18e6a07a8101b350c.jpg	1
1fea7ae466b5437b98a2522990b9512e.jpg	1
cb36387e371f475bb5906e11e38f40b2.jpg	1
1582055e374d44918983f941b4df57dd.jpg	1
da36d06d72ca4b8791c3c89b09c78e5f.jpg	1
87d8e59fba64415796c34e5baa381c97.jpg	1
05117191c64245a99149b2fc3bf34248.jpg	1
13c5223e4cb44509af29a57d22bc6098.jpg	1
0fdcd362e2254cdeb467882a5acbd19a.jpg	1
7c0e8a202b1c412694fbf076ee830baf.jpg	1
4964a3bca7274d5fbe5e11f6e2332eec.jpg	1
f432ed28989c4a87ab33f30db8802fa8.jpg	1
a14e097e2c384540bdb971283251a4ba.jpg	1
28167e74274142edb92366f10eeaac85.jpg	1
47a9edca106646198fe41d6ab27652d0.jpg	1
3e13edd07e574d95855b7aeee6fb60bd.jpg	1
6192b11a989a4bbc8ee51cd5b1483b63.jpg	1
bf55ff7ea1884a648fbedd166f037312.jpg	1
d2cbbf2be33b41c8ad0d96dc5453b7e3.jpg	1
5b62c3a9f3674c01811caf2d451e63d5.jpg	1
ccbf71edff2842ebbd780b03b6c554c7.jpg	1
d09011ddc8894e2c964ac9c6c97bd022.jpg	1
d6de04f36d3d48af91a75987f208ed64.jpg	1
e971ea3337794a87b4c093cdeb2af493.jpg	1
29f5b7612f264b67a997fbf8bbb315a6.jpg	2
27c4e75f7a504fb59f0c46f0af22566b.jpg	2
d06ba93a5f81408c82e96bfd826582f4.jpg	2
1c411fdb078e4e579b77bc031254a0b3.jpg	2
b34f48a3b2a8492d806dffb14ba493a4.jpg	2
21abc68863744a05ac95e3b0d0122857.jpg	2
48869e87a3a64d08a7356923745a7199.jpg	2
6f98105f3ddc404e8ab2e14e2244bfc8.jpg	2
2140c331526d4218beaa9ce74f149c45.jpg	2
435bc788f77346f29695e412bc7607ea.jpg	2
4afc2ac4979d417da63818d77d8a84c4.jpg	2
e04515e2f25542d5988589de563d1460.jpg	2
5767b2be1181465ab405f35772725ad4.jpg	2
ca7bd9bbe24a4da39463cf944217d17c.jpg	2
f545a5ba88604ca188715d2ca53a702c.jpg	2
2e896a0bb37e4747b063e8523b9eca2d.jpg	2
a4abb3ae3f004a029d006cfef382a2b1.jpg	2
beeb9476b0ae419e80d044bc07c50cf0.jpg	2
ef965689ba1b41a0a0e72d5dcdc04fb6.jpg	2
e45f5b9947534f3dacd12bd72c70012a.jpg	2
5f007c46383f489f8e9934c41a3f3ae0.jpg	2
2470873963bb490b8608b53728a89b78.jpg	2
0a47411a6d5045a08d8f802ac1d90254.jpg	2
13ade3b8b3514a918c19bde2911de43d.jpg	2
f85126946b044562a449ebfa8f47f5be.jpg	2
378e5038adbb44769b510e420aff9034.jpg	2
7f1104571924462dab38f7b7597cc4e0.jpg	2
fac2ac44ab84469c82c4c9b858649254.jpg	2
5100ced2bdad476f93d22bed9bee4ae2.jpg	2
dbd3c1f0b79a4ed4b95adafaa542dc46.jpg	2
5ba94ed085c742ad93ab15b91bb9d212.jpg	2
27c800a0d6774659a5b22f934f697b07.jpg	2
527135e441a24d5f999223e02ea27ece.jpg	2
bb1ed630b8e74da4bbbb127b5ebab175.jpg	2
9409b4897a5c4429b3304eed9b1b6346.jpg	2
a82da8e2cae94dbf950c61ee9ad409ba.jpg	2
a6467e1de3fc4ff286f334796583c8a3.jpg	2
0758d9a215b144708aaacce367437d9d.jpg	2
b760c6c6865a4fa28baae9674b35784f.jpg	2
56a96e39266946bca05b6bd31d763c62.jpg	2
1b6c632c8b0646939ef66421f0726481.jpg	2
3d6c386c751948048a1dfa269e0ee3aa.jpg	2
0f044a75f7b047e08787004482641b67.jpg	2
49c89738441e4298b1f548106d949e85.jpg	2
9a2f9e23162245928bac2ae29d04eed6.jpg	2
7852a316d9e749f6acea85c1b7b05475.jpg	2
95d450897c3c4e50955911badbffc152.jpg	2
896c08922a1c4fd1a5ebe5a1aae352ad.jpg	2
cd2e7d794825426bb006e8ff03828eaa.jpg	2
ab0f146cd2c1422e8cf5521dbc936728.jpg	2
fa24f1e0cf7641d0829f29b079845fce.jpg	2
742e6ec697d348dd9c6e94654769bd34.jpg	2
59ec98a3b038496b9281d7570ca983cd.jpg	2
bd771e1c1517456fa1d4a0d62223e827.jpg	2
139a3a441c2d4e41aab1cba2859a7ba2.jpg	2
04477977c46a444bbc4b053dcd006d76.jpg	2
c280c182a2ce4727b9db5875ff5cacbb.jpg	2
89732c3138be4371ad33accd48ff0bb8.jpg	2
1176cddd43634b0188db097cdee39ee2.jpg	2
18568de652aa4fd1b7703398e220d9a2.jpg	2
c023d2334fbb496a9a9fb288217b1b65.jpg	2
887d0ed0287e4595bd6bd9fda0bcf896.jpg	2
fb2fc2149bfe4999a140bc4291fa67bd.jpg	2
ed933449e7c849d0a7df4f370099eb43.jpg	2
c6921b2aa980464880d6cd855f7a9569.jpg	2
afe270e6fac34522910d7cbc4e6ca954.jpg	2
aa280f2b09284c5c9d00ee0c8cd762fe.jpg	2
d508d21441d64aa183f6343bcdf00054.jpg	2
74b6b8384e9d4064a06c9e30077e57ad.jpg	2
31de04d80dff41a3b471a1d469974659.jpg	2
746058eebc0a48df9aef75764a06298b.jpg	2
a62e73b1d60e403e92dd8b388510019d.jpg	2
6b5504aee9ae44b2af9d7add8a658215.jpg	2
da196e3e8c414351a8e886918ea634d8.jpg	2
59dde57d079b4727a17fec8d8e1f3bdb.jpg	2
8751ae9c550a44fabd834c81aeac9d1d.jpg	2
579ab5747af041b281b1c7a75679f5d6.jpg	2
bbde1bed445e4828b8e399c9797c34b1.jpg	2
63c0cb69b72b4166a790363e6e9646d8.jpg	2
0832e4f89a4b4e4aa65ddbc8f1b232fe.jpg	2
ee91f40a531a4ca891d05ca8928371ed.jpg	2
b02e3667ae894129bebcdbb62384ae09.jpg	2
2f39658c5c224f239e3d2c608b507131.jpg	2
2945624eafd442f5a7628500aa83488d.jpg	2
3deea6ccc99e45459a60ceb122fbe64f.jpg	2
4b3cf51a97e3434492da6100769ca31c.jpg	2
6c8ba4aad82e497592e48b1ad8ef41b9.jpg	2
3ffab1b89ec94879ba335df55b242653.jpg	2
f95ec6e8de7f4a48b1ad5980006fd0b7.jpg	2
fdbc643452e2405c9c0bba8cbce0fd87.jpg	2
2e475d13cb7549389e0268023c32d594.jpg	2
d3eedf6a988640b18879f26d4501f196.jpg	2
b0cef62b0fc741d292cd564993a97e68.jpg	2
774aa561869c4d9bbdba5b49b69dd4d1.jpg	2
43dade8b99324267a92c6a5003dc3d28.jpg	2
8249d83cbc7b4826a6be51b73bcc019a.jpg	2
f790e057929949f8bb0cd01ee0977608.jpg	2
48270fc4dd0c4ecd87cef597ba973767.jpg	2
1a014410788740d18afbfcdaea71bfea.jpg	2
6f7b26c7c0ed41ebbe194f5077f0514f.jpg	2
6eb67763744b4a2b8d796b92e81f06ad.jpg	2
0b7b30af9c9e4328826f47d574871bc9.jpg	2
17437d2817644beeaf19fef3a947b481.jpg	2
ab1bcd4c9668443281104cbd867aac87.jpg	2
47dd2e3938c84f589f358472ce5b81df.jpg	2
83b1e316606b4134b63368e9c8dd2015.jpg	2
803a845e2c7f4137bb791e7d862566bd.jpg	2
a85b42934419453da1ccb48b81a1e9a5.jpg	2
ca5eb8fdd8b44827b5fd86d73063bab3.jpg	2
1ba3895d7a5c4d0597a31b368c671e84.jpg	2
a88f34b775314f498e728206043e7309.jpg	2
aa812b5338344093be11eba50dd99a3c.jpg	2
ef6d4bd9bb2e41998710402a4065399d.jpg	2
00f60bcbe0234c9096102f49ab1ccdf7.jpg	2
7e7be62449bf45dbad34d4877ed1b33c.jpg	2
9617bb215e644cfa82e77370afca67b1.jpg	2
219bdbe9b10c4ed88ee84503957bb4ba.jpg	2
760a7ae4aadb4fa4b6ce2ea72e3f74ab.jpg	2
ed438999801f4e618e30b43c8d01d5b4.jpg	2
ec7fb6db32d14377be6f308e31eb6d3f.jpg	2
f8ebf555c88e4632b66cbdfc5f268cd2.jpg	2
fa873610b4194e2fa574d9cd04b60227.jpg	2
265b730cf5bd4bf195edcc6510d27290.jpg	2
250955bb28774e7e8e08c3b24ada56b6.jpg	2
8e1aea3193354d46a5109915da9db910.jpg	2
1ae927d5771c44cba0ac2cc8d5416da7.jpg	2
e47abeab9c6e4d5593c506f4c57db3a5.jpg	2
53e235893b1144f4bc2ffbabe32adb91.jpg	2
65608b3dbc764e89b46ab988b1465638.jpg	2
16e37a40924f4c03987ec5085b89db25.jpg	2
46b914bfc9104dd6a70491c9d4cc8d98.jpg	2
a4a40b0a310f459a89551d3521c275c2.jpg	2
b82a6e2082a346d89c1c462e6709b085.jpg	2
8965a6f4f0304cfdac3a4fb86d1f4342.jpg	2
ca0af38201634dc89f20e7226eca9bab.jpg	2
68f9da5254d9466d926ecb7d0426aa35.jpg	2
b58a49d25f17463f9a5a0e7adf5ae6d4.jpg	2
992010ad8f1c4f1587f05a2ce5385c54.jpg	2
ab2069c0d1d1459fa5a5c726bc77bc63.jpg	2
21acba479e0343b69bd4a5844a4148de.jpg	2
e88a1346cc344059b44e8c774e7dacf4.jpg	2
5ff4af76747040919e12c825626c5a90.jpg	2
b202cf801e8e4597af79f579703ecf32.jpg	2
8872552989e54bcfb3217a99e5a6e3db.jpg	2
716262bdd5b7481db75dfd9fa5e23fcf.jpg	2
742c53f242894141b36cb56df0b7b52f.jpg	2
b46a2744c1804d0f8fb4672703ac5623.jpg	2
7cb9cdb5bb25482db0a8026fcf243b35.jpg	2
7954310f51c04cfc914fed9d6142485c.jpg	2
46762b04b0fa463da0b4244872921044.jpg	2
ce235beb87c34f54b4728b86f578c934.jpg	2
2c17364e99b24c39bb9c10a62999a44f.jpg	2
92e94124391f491cbd4e235f3a52653f.jpg	2
d38acd48e3f4414e86c2d2200b7ec514.jpg	2
42fc55cc155e477489a8439b1b654a3a.jpg	2
e113b67ceaf5446f9df854e2679ee2fe.jpg	2
90f98b6291b9481b8a5edaf9b099dcfe.jpg	2
2d88890adf334c9abeb61538f4636561.jpg	2
11cd8ef9236247cba348282d14c27559.jpg	2
f4a0618f4a0d4b01a84cace1a474ebba.jpg	2
976536fa12b54d508105120267fb394f.jpg	2
3c4eee4ff915493c9076c7cfa3813e99.jpg	2
09553f7fc07f41df8396dde25bcaffcd.jpg	2
17467fd7b54141069536e9d7d691a29f.jpg	2
7f6fd72e429d4321a5b207a96ec97dc2.jpg	2
b5ababe4302249c5aa5e7c5ef5d868f1.jpg	2
f7cf0bbfbe254aeba8181c142d73c412.jpg	2
1ac3e3327ad244b6a34a00537f92a45b.jpg	2
042001e92a17433dacb67fcfa9eb75d4.jpg	2
2df470525a0e45fbb01235ae991ff4ab.jpg	2
3c85c6e7c90b4bc491a9b5121f2f212e.jpg	2
2b6199fdc11742cebed722b9acf20061.jpg	2
11f951f002e541e58a44a7d6b6b0c039.jpg	2
61032639f29e4f6c895ba96e7b622e50.jpg	2
5ed898256ea747d7835eb1da72c55149.jpg	2
989d13cba0884b5397400fe2bd5bcddd.jpg	2
5cfc3443def041d89c74a6e1af28d7e0.jpg	2
904c7fbe6b554557abfdc97fd1c06146.jpg	2
bb3ebc319bbc495d88dfdaf8c9c35db8.jpg	2
099ba3473d8744e68e32adbaa1558e27.jpg	2
aeb33f05ed434e77b6cef9bd041df6f3.jpg	2
c38b99fae0fa4aaab08b9360278e6753.jpg	2
7217a035e00343c7a4b655fbc97d35fd.jpg	2
0e4e17c530934873b5184a0e6702e6ca.jpg	2
ab932e40606f463d99baf907d8c74fdb.jpg	2
3850e5f4e2d14b3c8d4db762667be7d6.jpg	2
4185870e10194c49b487ab8d95e11492.jpg	2
4fdb4636b0b948bf95ddb347af0436a5.jpg	2
c705f06d54dd4b89ac68328751ea2024.jpg	2
35c5bfc7acc44c7c9eea6d3f20cb5288.jpg	2
6898bdc068854262a386b8043d3deedc.jpg	2
f760e987360147aaa780b8d2d151dad6.jpg	2
a87024f0a28b443c9f43cee41aee484c.jpg	2
9875db46cb944446b256a01e1ed18d0e.jpg	2
3a4ee6f7c49745d2aaba15a72bc2f574.jpg	2
baaa41348ae9478eaa29eeaa020507f9.jpg	2
947eec849d6545bca8ebdb8b029ecaf3.jpg	2
255b7d31594741d2a3e52904ef97926f.jpg	2
9caf93eb4d4f4d0e8497eed37e2049d8.jpg	2
047531e831f14e9a89d54c899ac6d9ad.jpg	2
4c1c722f9b654e788cb70c0a2d76b99d.jpg	2
3619d68344f846b8930d6f58cec83161.jpg	2
d3c2873ab86e40e7a524e2dc5e1e5c01.jpg	2
76add86e8e9d4becac3590e3038b5e49.jpg	2
185319fa72864b6aa509e184e8509308.jpg	2
06a4f02de56d4fe89c3f9fb53fc5eb1b.jpg	2
a8bb099e4d244ca2891f38177444d06e.jpg	2
4a5a599037c04a7183984035a27e50ca.jpg	2
f98f103150a845d59a24f9748d943500.jpg	2
999b888ad4114953a3923e9311d881f5.jpg	2
8466d28d9808466fad88f3917a9f3995.jpg	2
03fad85595754010af76ee84c2683470.jpg	2
db00dfe4571b4a018dc4c7ae3e9b1233.jpg	2
e52333ccd9aa4dccad5b8cdce6d7dcaf.jpg	2
c0e8991d85754d3d9c6cc38c2e9f002a.jpg	2
a19200cebe144618973948e276f97d2b.jpg	2
c269fb3684ad42a4808d9276a26df858.jpg	2
45b9a2644de54cb699883030cd9b811b.jpg	2
dbcb12b844164bd3a0611e6387d75a4b.jpg	2
0cfce33e9f6a44719aca37dee767f4b8.jpg	2
bf2145e14ff24b8b888043d29d03392c.jpg	2
aff4ec01ad844fc590c2412616780e9a.jpg	2
2c6bd51ea5454f658d2174800c826676.jpg	2
41e8ace118f34839b8bdf4150be5efc8.jpg	2
cdf36d9f1174433f8b83a0c21496dadb.jpg	2
44aba202abd14a95b8a97ef239f98136.jpg	2
0917e99ae1e14b7081fa0057e1347521.jpg	2
eee9b698638c46cf9bc32550b1dfb538.jpg	2
30d7ef87e5bf4848bb4ab443ba223065.jpg	2
57f1e0a223a74d0cb3a7ae12f85626fd.jpg	2
56242d8dfe8a457aa1aa57253bc852c5.jpg	2
e796f60dfa2943699696b0a7008af1c3.jpg	2
f840dbebc67c4e43b3e1a1b9d34edc1d.jpg	2
a3d6a3fce64548a9a89b8d753a11d58f.jpg	2
52f84727a3d24ea2b28b29de6dc7eb7c.jpg	2
902342a83a434ca99128bbe1e5e22827.jpg	2
af220a007b2840c48eb3c4b4ed41c6bb.jpg	2
22576ccb0847489c943a246a6fa6c0c9.jpg	2
49431e763db64013baa9177bef357318.jpg	2
0076f706e8a54b1ba898ba8753caf4b2.jpg	2
